<?xml version="1.0" encoding="UTF-8" standalone="no"?><entities>
	<entity>
		<entity-name>com.fisglobal.kgs.domain.model.disclosurerequest.DisclosurePostalAddress</entity-name>
		<entity-width>142</entity-width>
		<entity-height>306</entity-height>
		<entity-X-Coordinate>389</entity-X-Coordinate>
		<entity-Y-Coordinate>399</entity-Y-Coordinate>
		<primary-collapsed>false</primary-collapsed>
		<relation-collapsed>false</relation-collapsed>
		<basic-collapsed>false</basic-collapsed>
	</entity>

	<entity>
		<entity-name>com.fisglobal.kgs.domain.model.Journal</entity-name>
		<entity-width>120</entity-width>
		<entity-height>248</entity-height>
		<entity-X-Coordinate>50</entity-X-Coordinate>
		<entity-Y-Coordinate>1260</entity-Y-Coordinate>
		<primary-collapsed>false</primary-collapsed>
		<relation-collapsed>false</relation-collapsed>
		<basic-collapsed>false</basic-collapsed>
	</entity>

	<entity>
		<entity-name>com.fisglobal.kgs.domain.model.disclosureresponse.DisclosureBalance</entity-name>
		<entity-width>161</entity-width>
		<entity-height>206</entity-height>
		<entity-X-Coordinate>1040</entity-X-Coordinate>
		<entity-Y-Coordinate>860</entity-Y-Coordinate>
		<primary-collapsed>false</primary-collapsed>
		<relation-collapsed>false</relation-collapsed>
		<basic-collapsed>false</basic-collapsed>
	</entity>

	<entity>
		<entity-name>com.fisglobal.kgs.domain.model.disclosureresponse.DisclosureResponseXml</entity-name>
		<entity-width>181</entity-width>
		<entity-height>186</entity-height>
		<entity-X-Coordinate>670</entity-X-Coordinate>
		<entity-Y-Coordinate>993</entity-Y-Coordinate>
		<primary-collapsed>false</primary-collapsed>
		<relation-collapsed>false</relation-collapsed>
		<basic-collapsed>false</basic-collapsed>
	</entity>

	<entity>
		<entity-name>com.fisglobal.kgs.domain.model.disclosureresponse.DisclosureLegalPerson</entity-name>
		<entity-width>190</entity-width>
		<entity-height>166</entity-height>
		<entity-X-Coordinate>1040</entity-X-Coordinate>
		<entity-Y-Coordinate>399</entity-Y-Coordinate>
		<primary-collapsed>false</primary-collapsed>
		<relation-collapsed>false</relation-collapsed>
		<basic-collapsed>false</basic-collapsed>
	</entity>

	<entity>
		<entity-name>com.fisglobal.kgs.domain.model.disclosureresponse.DisclosureBackendResponse</entity-name>
		<entity-width>191</entity-width>
		<entity-height>386</entity-height>
		<entity-X-Coordinate>729</entity-X-Coordinate>
		<entity-Y-Coordinate>399</entity-Y-Coordinate>
		<primary-collapsed>false</primary-collapsed>
		<relation-collapsed>false</relation-collapsed>
		<basic-collapsed>false</basic-collapsed>
	</entity>

	<entity>
		<entity-name>com.fisglobal.kgs.domain.model.disclosureresponse.DisclosureNatPerson</entity-name>
		<entity-width>208</entity-width>
		<entity-height>206</entity-height>
		<entity-X-Coordinate>1040</entity-X-Coordinate>
		<entity-Y-Coordinate>586</entity-Y-Coordinate>
		<primary-collapsed>false</primary-collapsed>
		<relation-collapsed>false</relation-collapsed>
		<basic-collapsed>false</basic-collapsed>
	</entity>

	<entity>
		<entity-name>com.fisglobal.kgs.domain.model.disclosureresponse.DisclosureResponse</entity-name>
		<entity-width>205</entity-width>
		<entity-height>246</entity-height>
		<entity-X-Coordinate>357</entity-X-Coordinate>
		<entity-Y-Coordinate>963</entity-Y-Coordinate>
		<primary-collapsed>false</primary-collapsed>
		<relation-collapsed>false</relation-collapsed>
		<basic-collapsed>false</basic-collapsed>
	</entity>

	<entity>
		<entity-name>com.fisglobal.kgs.domain.model.disclosurerequest.DisclosureRequest</entity-name>
		<entity-width>211</entity-width>
		<entity-height>806</entity-height>
		<entity-X-Coordinate>44</entity-X-Coordinate>
		<entity-Y-Coordinate>399</entity-Y-Coordinate>
		<primary-collapsed>false</primary-collapsed>
		<relation-collapsed>false</relation-collapsed>
		<basic-collapsed>false</basic-collapsed>
	</entity>
</entities>