<?xml version="1.0" encoding="UTF-8"?>
<bindings xmlns="http://java.sun.com/xml/ns/jaxb" version="2.1">

	<!-- App Header Request -->
	<bindings schemaLocation="xsd/head.001.001.01.xsd">
		<schemaBindings>
			<package name="com.fisglobal.kgs.xsd.apphdr01" />
		</schemaBindings>
	</bindings>
	<bindings schemaLocation="xsd/head.001.001.02.xsd">
		<schemaBindings>
			<package name="com.fisglobal.kgs.xsd.apphdr02" />
		</schemaBindings>
	</bindings>

	<!-- Application - Request Part -->

	<!-- Disclousure Request -->
	<bindings
		schemaLocation="xsd/seev.045.001.02.ShareholdersIdentificationDisclosureRequestV02.xsd">
		<schemaBindings>
			<package name="com.fisglobal.kgs.xsd.disclosurerequest" />
		</schemaBindings>
	</bindings>
	<bindings
		schemaLocation="xsd/seev.046.001.01.ShareholdersIdentificationDisclosureRequestCancellationAdviceV01.xsd">
		<schemaBindings>
			<package
				name="com.fisglobal.kgs.xsd.disclosurerequestcancellationadvice" />
		</schemaBindings>
	</bindings>

	<!-- Application - Response Part -->
	<bindings
		schemaLocation="xsd/seev.047.001.01.ShareholdersIdentificationDisclosureResponseV01.xsd">
		<schemaBindings>
			<package name="com.fisglobal.kgs.xsd.disclosureresponse" />
		</schemaBindings>
	</bindings>
	<bindings
		schemaLocation="xsd/seev.048.001.01.ShareholderIdentificationDisclosureResponseCancellationAdviceV01.xsd">
		<schemaBindings>
			<package
				name="com.fisglobal.kgs.xsd.disclosureresponsecancellationadvice" />
		</schemaBindings>
	</bindings>
	<bindings
		schemaLocation="xsd/seev.049.001.01.ShareholderIdentificationDisclosureResponseStatusAdviceV01.xsd">
		<schemaBindings>
			<package
				name="com.fisglobal.kgs.xsd.disclosureresponsestatusadvice" />
		</schemaBindings>
	</bindings>
</bindings>