<?xml version="1.0" encoding="UTF-8"?>
<configuration>

	<springProperty scope="context" name="jsonLoggingEnabled" source="kgs.orders.jsonLoggingEnabled" defaultValue="true" />


	<include resource="org/springframework/boot/logging/logback/base.xml"/>


 	<appender name="JSON" class="ch.qos.logback.core.ConsoleAppender">
 		<encoder class="net.logstash.logback.encoder.LogstashEncoder" />
	</appender>
	
	
	<root level="INFO">
		<if condition = "${jsonLoggingEnabled}">
 			<then>
 				<appender-ref ref="JSON" />
 			</then>
 			<else>
 				<appender-ref ref="CONSOLE" />
 			</else>
 		</if>
  	</root>

</configuration>