	<ShrhldrsIdDsclsrRspn>
		<IssrDsclsrReqRef>
			<IssrDsclsrReqId>ISUA-DISCL-2019-0001</IssrDsclsrReqId>
			<FinInstrmId>
				<ISIN>BE7876543087</ISIN>
			</FinInstrmId>
			<ShrhldrsDsclsrRcrdDt>
				<Dt>
					<Dt>2019-10-30</Dt>
				</Dt>
			</ShrhldrsDsclsrRcrdDt>
		</IssrDsclsrReqRef>
		<DsclsrRspnId>DISCLRESP0006</DsclsrRspnId>
		<RspndgIntrmy>
			<NmAndAdr>
				<Nm>LocalCustody Inc.</Nm>
				<Adr>
					<AdrTp>ADDR</AdrTp>
					<StrtNm>B Street</StrtNm>
					<BldgNb>3</BldgNb>
					<PstCd>1310</PstCd>
					<TwnNm>La Hulpe</TwnNm>
					<Ctry>BE</Ctry>
				</Adr>
			</NmAndAdr>
			<Id>
				<LEI>LOALCUST8H675398AM77</LEI>
			</Id>
			<CtctPrsn>
				<NmPrfx>MADM</NmPrfx>
				<GvnNm>Jane</GvnNm>
				<Nm>Smith</Nm>
				<PhneNb>+32-(010)1764300</PhneNb>
				<EmailAdr>jane.smith@globalCustody.com</EmailAdr>
			</CtctPrsn>
		</RspndgIntrmy>
		<DsclsrInf>
			<SfkpgAcctAndHldgs>
				<SfkpgAcct>BE0128754</SfkpgAcct>
				<AcctSvcr>
					<AnyBIC>LOCABE33XXX</AnyBIC>
				</AcctSvcr>
				<ShrhldgBalOnOwnAcct>
					<Unit>100321</Unit>		
				</ShrhldgBalOnOwnAcct>
				<ShrhldgBalOnClntAcct>
					<Unit>400210</Unit>
				</ShrhldgBalOnClntAcct>
				<TtlShrhldgBal>
					<Unit>500531</Unit>
				</TtlShrhldgBal>
				<AcctSubLvl>
					<BlwThrshldShrhldgQty>
					<Unit>0</Unit>
					</BlwThrshldShrhldgQty>
					<Dsclsr>
						<SfkpgAcct>A0001</SfkpgAcct>
						<AcctHldr>
							<LglPrsn>
								<NmAndAdr>
									<Nm>ABC Inc.</Nm>
									<Adr>
										<AdrTp>ADDR</AdrTp>
										<StrtNm>One Street</StrtNm>
										<BldgNb>38</BldgNb>
										<PstCd>1234</PstCd>
										<TwnNm>City</TwnNm>
										<Ctry>NL</Ctry>
									</Adr>
								</NmAndAdr>
								<EmailAdr>info@abcinc.com</EmailAdr>
								<Id>
									<NtlRegnNb>NL764098</NtlRegnNb>
								</Id>
								<CtryOfIncorprtn>NL</CtryOfIncorprtn>
								<Ownrsh>
									<OwnrshTp>
										<Cd>OWNR</Cd>
									</OwnrshTp>
								</Ownrsh>
							</LglPrsn>
						</AcctHldr>
						<ShrhldgBal>
							<ShrhldgTp>NOMI</ShrhldgTp>
							<Qty>
							<Unit>200000</Unit>
							</Qty>
							<InitlDtOfShrhldg>
								<Dt>2017-08-13</Dt>
							</InitlDtOfShrhldg>
						</ShrhldgBal>
					</Dsclsr>
					<Dsclsr>
						<SfkpgAcct>A0002</SfkpgAcct>
						<AcctHldr>
							<LglPrsn>
								<NmAndAdr>
									<Nm>Brokerage Inc.</Nm>
								</NmAndAdr>
								<EmailAdr>info@Brokerage.com</EmailAdr>
								<Id>
									<NtlRegnNb>LU847801</NtlRegnNb>
								</Id>
								<CtryOfIncorprtn>LU</CtryOfIncorprtn>
								<Ownrsh>
									<OwnrshTp>
										<Cd>OWNR</Cd>
									</OwnrshTp>
								</Ownrsh>
							</LglPrsn>
						</AcctHldr>
						<ShrhldgBal>
							<ShrhldgTp>NOMI</ShrhldgTp>
							<Qty>
							<Unit>100000</Unit>
							</Qty>
							<InitlDtOfShrhldg>
								<Dt>2015-02-09</Dt>
							</InitlDtOfShrhldg>
						</ShrhldgBal>
					</Dsclsr>
					<Dsclsr>
						<SfkpgAcct>A0003</SfkpgAcct>
						<AcctHldr>
							<LglPrsn>
								<NmAndAdr>
									<Nm>LocalCustody Inc.</Nm>
								</NmAndAdr>
								<EmailAdr>info@LocalCustody.com</EmailAdr>
								<Id>
									<NtlRegnNb>BE85432</NtlRegnNb>
								</Id>
								<CtryOfIncorprtn>BE</CtryOfIncorprtn>
								<Ownrsh>
									<OwnrshTp>
										<Cd>OWNR</Cd>
									</OwnrshTp>
								</Ownrsh>
							</LglPrsn>
						</AcctHldr>
						<ShrhldgBal>
							<ShrhldgTp>OOAC</ShrhldgTp>
							<Qty>
							<Unit>1000321</Unit>
							</Qty>
							<InitlDtOfShrhldg>
								<Dt>2013-01-29</Dt>
							</InitlDtOfShrhldg>
						</ShrhldgBal>
					</Dsclsr>
					<Dsclsr>
						<SfkpgAcct>A0004</SfkpgAcct>
						<AcctHldr>
							<NtrlPrsn>
								<NmAndAdr>
									<NmPrfx>MADM</NmPrfx>
									<FrstNm>Bea</FrstNm>
									<Srnm>Winner</Srnm>
								</NmAndAdr>
								<Id>
									<Id>594-7653297-18</Id>
									<IdTp>
										<Cd>IDCD</Cd>
									</IdTp>
								</Id>
								<Ntlty>NZ</Ntlty>
								<DtAndPlcOfBirth>
									<BirthDt>1961-05-09</BirthDt>
									<CityOfBirth>Christchurch</CityOfBirth>
									<CtryOfBirth>NZ</CtryOfBirth>
								</DtAndPlcOfBirth>
								<InvstrTp>
									<Cd>RETL</Cd>
								</InvstrTp>
								<Ownrsh>
									<OwnrshTp>
										<Cd>USUF</Cd>
									</OwnrshTp>
									<UsfrctPctg>100</UsfrctPctg>
								</Ownrsh>
							</NtrlPrsn>
						</AcctHldr>
						<ShrhldgBal>
							<ShrhldgTp>OOAC</ShrhldgTp>
							<Qty>
							<Unit>50210</Unit>
							</Qty>
							<InitlDtOfShrhldg>
								<Dt>2010-11-09</Dt>
							</InitlDtOfShrhldg>
						</ShrhldgBal>
						<ShrhldgBal>
							<ShrhldgTp>OOAC</ShrhldgTp>
							<Qty>
							<Unit>50000</Unit>
							</Qty>
							<InitlDtOfShrhldg>
								<Dt>2011-12-03</Dt>
							</InitlDtOfShrhldg>
						</ShrhldgBal>
					</Dsclsr>
				</AcctSubLvl>
			</SfkpgAcctAndHldgs>
		</DsclsrInf>
	</ShrhldrsIdDsclsrRspn>	
